{"cameraMode":{"drawMode":0,"name":"Shaded","section":"Shading Mode"},"sceneLighting":false,"audioPlay":false,"sceneViewState":{"showFog":false,"showMaterialUpdate":false,"showSkybox":false,"showFlares":false,"showImageEffects":false,"showParticleSystems":false},"in2DMode":false,"pivot":{"x":-3.2951831817626955,"y":4.225915908813477,"z":448.8917541503906},"rotation":{"x":0.010760616511106491,"y":0.08389606326818466,"z":-0.0009012649534270167,"w":0.9964256286621094},"size":4.370297908782959,"orthographic":false}