{"cameraMode":{"drawMode":0,"name":"Shaded","section":"Shading Mode"},"sceneLighting":false,"audioPlay":false,"sceneViewState":{"showFog":false,"showMaterialUpdate":false,"showSkybox":false,"showFlares":false,"showImageEffects":false,"showParticleSystems":false},"in2DMode":false,"pivot":{"x":-0.4698779881000519,"y":5.0158843994140629,"z":43.79454040527344},"rotation":{"x":-0.30940327048301699,"y":0.16353000700473786,"z":-0.05410877242684364,"w":-0.9352291822433472},"size":1.733452320098877,"orthographic":false}