{"cameraMode":{"drawMode":0,"name":"Shaded","section":"Shading Mode"},"sceneLighting":false,"audioPlay":false,"sceneViewState":{"showFog":false,"showMaterialUpdate":false,"showSkybox":false,"showFlares":false,"showImageEffects":false,"showParticleSystems":false},"in2DMode":false,"pivot":{"x":0.8988772630691528,"y":5.402044296264648,"z":-108.94514465332031},"rotation":{"x":0.10315769165754318,"y":-0.8927974104881287,"z":0.2618594467639923,"w":0.3517354130744934},"size":5.2583417892456059,"orthographic":false}