{"cameraMode":{"drawMode":0,"name":"Shaded","section":"Shading Mode"},"sceneLighting":false,"audioPlay":false,"sceneViewState":{"showFog":false,"showMaterialUpdate":false,"showSkybox":false,"showFlares":false,"showImageEffects":false,"showParticleSystems":false},"in2DMode":false,"pivot":{"x":-2.5212767124176027,"y":23.98447036743164,"z":-4.190408706665039},"rotation":{"x":0.21221812069416047,"y":0.2643972635269165,"z":-0.05976475030183792,"w":0.9388828277587891},"size":7.067510604858398,"orthographic":false}