{"cameraMode":{"drawMode":0,"name":"Shaded","section":"Shading Mode"},"sceneLighting":false,"audioPlay":false,"sceneViewState":{"showFog":false,"showMaterialUpdate":false,"showSkybox":false,"showFlares":false,"showImageEffects":false,"showParticleSystems":false},"in2DMode":false,"pivot":{"x":1.150147557258606,"y":4.220610618591309,"z":178.15576171875},"rotation":{"x":-0.34968072175979617,"y":0.14034247398376466,"z":-0.05307450518012047,"w":-0.9248037338256836},"size":5.5276689529418949,"orthographic":false}