{"cameraMode":{"drawMode":0,"name":"Shaded","section":"Shading Mode"},"sceneLighting":true,"audioPlay":false,"sceneViewState":{"showFog":false,"showMaterialUpdate":false,"showSkybox":false,"showFlares":false,"showImageEffects":false,"showParticleSystems":false},"in2DMode":false,"pivot":{"x":-253.14382934570313,"y":-348.4504089355469,"z":12.516433715820313},"rotation":{"x":0.3699644207954407,"y":-0.4377172887325287,"z":0.20404289662837983,"w":0.7936681509017944},"size":497.5823974609375,"orthographic":false}