{"cameraMode":{"drawMode":0,"name":"Shaded","section":"Shading Mode"},"sceneLighting":false,"audioPlay":false,"sceneViewState":{"showFog":false,"showMaterialUpdate":false,"showSkybox":false,"showFlares":false,"showImageEffects":false,"showParticleSystems":false},"in2DMode":false,"pivot":{"x":0.19256889820098878,"y":3.773611307144165,"z":-110.14761352539063},"rotation":{"x":0.34876811504364016,"y":-0.20318098366260529,"z":0.07783284038305283,"w":0.9116758108139038},"size":4.041658401489258,"orthographic":false}