{"cameraMode":{"drawMode":0,"name":"Shaded","section":"Shading Mode"},"sceneLighting":false,"audioPlay":false,"sceneViewState":{"showFog":false,"showMaterialUpdate":false,"showSkybox":false,"showFlares":false,"showImageEffects":false,"showParticleSystems":false},"in2DMode":false,"pivot":{"x":1.87062406539917,"y":6.193945407867432,"z":-38.11372375488281},"rotation":{"x":0.2079080194234848,"y":-0.0878993570804596,"z":0.01876732148230076,"w":0.9740177989006043},"size":7.375297546386719,"orthographic":false}