{"cameraMode":{"drawMode":0,"name":"Shaded","section":"Shading Mode"},"sceneLighting":false,"audioPlay":false,"sceneViewState":{"showFog":false,"showMaterialUpdate":false,"showSkybox":false,"showFlares":false,"showImageEffects":false,"showParticleSystems":false},"in2DMode":false,"pivot":{"x":-2.659648895263672,"y":4.509490013122559,"z":-38.939998626708987},"rotation":{"x":0.10242995619773865,"y":0.27526021003723147,"z":-0.029508838430047036,"w":0.9554460644721985},"size":2.8578836917877199,"orthographic":false}